area_type,avg_traffic_load
Commercial,92.9074074074074
Highway,98.83637570527713
Industrial,96.76776139410188
Residential,93.77111716621253
School Zone,96.1411843425895
