pollutant_id,avg_pollution
CO,38.505241090146754
NH3,6.766990291262136
NO2,32.47424892703863
OZONE,46.08085106382979
PM10,119.37826086956522
PM2.5,116.15948275862068
SO2,18.121076233183857
